{"cameraMode":{"drawMode":0,"name":"Shaded","section":"Shading Mode"},"sceneLighting":false,"audioPlay":false,"sceneViewState":{"showFog":true,"showMaterialUpdate":false,"showSkybox":true,"showFlares":true,"showImageEffects":true,"showParticleSystems":true},"in2DMode":false,"pivot":{"x":93.85830688476563,"y":3.138554573059082,"z":-4.458637237548828},"rotation":{"x":0.007681505288928747,"y":0.46760398149490359,"z":0.004063873551785946,"w":-0.8838967680931091},"size":1.1667261123657227,"orthographic":false}